日期,开盘价,收盘价,最高价,最低价,成交量,成交额,振幅,换手率(%)
2016-08-16,15576.88,15722.43,15774.92,15569.70,8881215,12698101760,1.32%,
2016-08-17,15721.32,15768.38,15793.56,15654.28,8527959,12772971008,0.89%,
2016-08-18,15768.57,15714.18,15802.36,15626.88,8779251,12956126208,1.11%,
2016-08-19,15699.79,15701.45,15750.70,15598.32,8288542,13445264384,0.97%,
2016-08-22,15778.71,15682.45,15884.28,15673.68,9230719,14239068160,1.34%,
2016-08-23,15639.27,15653.50,15690.83,15563.56,6500528,10109111296,0.81%,
2016-08-24,15650.60,15612.20,15712.63,15580.82,6691939,11250578432,0.84%,
2016-08-25,15518.58,15453.08,15518.58,15305.77,7188956,11505159680,1.36%,
2016-08-26,15490.10,15489.27,15598.80,15447.06,6495742,10237103360,0.98%,
2016-08-29,15455.01,15307.25,15455.18,15272.53,6524719,10513180160,1.18%,
2016-08-30,15322.36,15327.44,15375.50,15285.61,5499084,9336646144,0.59%,
2016-08-31,15336.02,15357.23,15379.64,15267.52,5893037,9748908032,0.73%,
2016-09-01,15345.54,15276.64,15375.47,15273.24,5810897,9823350016,0.67%,
2016-09-02,15256.47,15207.58,15304.08,15129.17,5686844,9239148032,1.14%,
2016-09-05,15246.84,15239.65,15332.23,15212.25,5412382,8486569728,0.79%,
2016-09-06,15237.90,15407.45,15408.06,15132.16,6100857,9234577152,1.81%,
2016-09-07,15387.87,15381.48,15424.11,15341.82,5992431,8785728000,0.53%,
2016-09-08,15369.57,15382.84,15395.05,15308.46,5436335,8038631424,0.56%,
2016-09-09,15363.76,15281.90,15380.79,15278.59,5676263,8066963200,0.66%,
2016-09-12,15050.58,14880.72,15084.79,14857.80,6640241,8987973376,1.49%,
2016-09-13,14924.80,14945.52,14987.04,14872.10,4458601,6555506176,0.77%,
2016-09-14,14892.23,14891.29,14944.80,14798.90,4400422,7099841536,0.98%,
2016-09-19,14923.18,15046.62,15046.62,14922.82,4096844,6819222272,0.83%,
2016-09-20,15053.84,15064.14,15075.98,15011.30,4447442,7189203200,0.43%,
2016-09-21,15054.75,15035.77,15091.47,15004.78,4273068,6809733888,0.58%,
2016-09-22,15082.88,15119.58,15170.74,15082.88,5927407,8928945152,0.58%,
2016-09-23,15111.15,15048.75,15132.02,15041.76,6042248,8620614912,0.6%,
2016-09-26,15025.32,14821.25,15025.62,14812.20,6737667,8494909184,1.42%,
2016-09-27,14807.36,14896.87,14896.87,14757.78,5350847,6699673600,0.94%,
2016-09-28,14919.53,14873.21,14919.53,14856.51,4076224,5295602688,0.42%,
2016-09-29,14895.80,14940.00,14987.46,14892.85,4462114,5917201664,0.64%,
2016-09-30,14927.35,15011.44,15024.28,14912.77,4279338,5689699072,0.75%,
2016-10-10,15066.15,15245.54,15249.36,15053.64,5868227,8202716416,1.3%,
2016-10-11,15258.77,15333.71,15335.42,15229.41,7065619,9774277632,0.7%,
2016-10-12,15313.80,15378.24,15380.98,15290.98,6315790,8151257600,0.59%,
2016-10-13,15379.30,15399.81,15444.36,15348.91,6213903,8104136192,0.62%,
2016-10-14,15402.50,15466.64,15488.75,15342.57,5694886,8026398464,0.95%,
2016-10-17,15498.75,15408.54,15528.40,15345.54,6267476,8666399744,1.18%,
2016-10-18,15398.86,15616.62,15617.92,15398.31,7533142,10442176512,1.43%,
2016-10-19,15621.15,15592.02,15654.12,15550.91,8869088,12046184704,0.66%,
2016-10-20,15619.13,15648.35,15680.30,15598.00,8131975,11420094464,0.53%,
2016-10-21,15614.68,15591.66,15659.73,15469.35,7295144,10989373184,1.22%,
2016-10-24,15819.16,15872.70,15892.71,15718.81,8352096,12785657344,1.12%,
2016-10-25,15871.05,15966.10,15975.20,15853.91,8293856,13220643840,0.76%,
2016-10-26,15962.84,16206.51,16223.16,15933.81,11016835,15954598912,1.81%,
2016-10-27,16089.70,16133.06,16197.99,16033.53,8971158,13380624640,1.01%,
2016-10-28,16106.17,15962.85,16166.22,15955.22,7232542,10376200704,1.31%,
2016-10-31,15936.18,16015.71,16029.25,15858.01,5839260,8635687168,1.07%,
2016-11-01,16029.05,16246.78,16248.06,16013.43,7404589,10657798400,1.46%,
2016-11-02,16220.17,16119.52,16260.95,16101.02,8337353,12520241664,0.98%,
2016-11-03,16084.37,16221.07,16320.18,16053.38,9204903,15465728512,1.66%,
2016-11-04,16210.08,16254.03,16346.38,16210.08,9101656,14134314496,0.84%,
2016-11-07,16217.46,16228.77,16278.18,16180.71,7503962,12202471680,0.6%,
2016-11-08,16263.42,16327.97,16362.76,16243.16,7639254,13386900736,0.74%,
2016-11-09,16304.67,16220.12,16332.94,16003.33,9307846,14462118656,2.02%,
2016-11-10,16310.64,16404.97,16414.48,16310.64,7960154,12508016896,0.64%,
2016-11-11,16397.71,16484.59,16486.38,16365.20,9964187,15678947840,0.74%,
2016-11-14,16437.72,16433.93,16488.01,16335.57,11247498,16152969728,0.92%,
2016-11-15,16416.90,16552.32,16555.71,16382.94,9328113,13261981184,1.05%,
2016-11-16,16530.90,16520.71,16565.33,16474.70,8211864,12439267584,0.55%,
2016-11-17,16490.36,16479.46,16528.75,16438.65,8814779,12043386880,0.55%,
2016-11-18,16462.26,16384.94,16505.70,16365.71,6981635,10235714048,0.85%,
2016-11-21,16427.68,16408.02,16469.17,16376.82,7855828,11966353152,0.56%,
2016-11-22,16441.90,16480.69,16504.65,16422.59,7938605,11990904064,0.5%,
2016-11-23,16510.69,16400.97,16564.74,16354.61,7233318,10579246848,1.28%,
2016-11-24,16417.30,16554.76,16655.70,16382.80,9255803,13349256704,1.66%,
2016-11-25,16546.93,16626.29,16629.99,16290.46,8671895,12287127040,2.05%,
2016-11-28,16695.58,16565.31,16742.82,16515.47,11581233,18781691904,1.37%,
2016-11-29,16572.69,16768.66,16965.58,16539.48,13816248,22678028800,2.57%,
2016-11-30,16713.07,16577.80,16713.07,16473.06,10007910,15927907840,1.43%,
2016-12-01,16635.37,16662.40,16702.83,16557.86,8806210,14085329152,0.87%,
2016-12-02,16609.32,16288.51,16610.42,16278.68,7883369,12158945280,1.99%,
2016-12-05,15981.21,16050.17,16141.47,15963.71,7646598,13179006720,1.09%,
2016-12-06,16082.50,16097.02,16175.97,16078.24,6079478,10871563776,0.61%,
2016-12-07,16092.93,16278.38,16279.40,16079.60,5870076,9723098624,1.24%,
2016-12-08,16321.02,16257.25,16342.94,16229.91,5647305,9809561856,0.69%,
2016-12-09,16291.58,16284.15,16353.28,16244.98,7598463,11552230400,0.67%,
2016-12-12,16235.96,15723.45,16262.04,15694.10,10428773,14560327936,3.49%,
2016-12-13,15644.68,15818.50,15838.96,15549.32,7252413,9961013248,1.84%,
2016-12-14,15788.15,15709.01,15888.63,15665.70,8052074,10842951936,1.41%,
2016-12-15,15643.88,15736.45,15817.74,15610.76,6548334,9134581504,1.32%,
2016-12-16,15703.97,15913.48,15926.91,15687.03,6468562,9689883392,1.52%,
2016-12-19,15907.36,15955.27,16005.89,15861.56,6961518,10062832128,0.91%,
2016-12-20,15945.39,15879.39,15945.39,15796.39,5384992,7910939904,0.93%,
2016-12-21,15884.80,15980.75,15986.85,15884.80,5768221,7978945280,0.64%,
2016-12-22,15964.01,15975.06,16011.18,15897.89,5043405,7078893312,0.71%,
2016-12-23,15970.80,15747.35,15970.82,15743.20,4817788,6930292480,1.42%,
2016-12-26,15715.36,15777.37,15778.11,15507.69,4773110,6761025536,1.72%,
2016-12-27,15769.92,15816.03,15894.99,15753.14,4208198,6034534144,0.9%,
2016-12-28,15825.93,15780.36,15867.46,15749.55,4958757,6991348224,0.75%,
2016-12-29,15749.60,15754.26,15819.14,15699.96,4423202,6607418368,0.76%,
2016-12-30,15774.13,15848.26,15896.45,15770.57,4580238,7009439232,0.8%,
2017-01-03,15870.98,15991.53,16009.30,15870.98,4184764,6147707136,0.87%,
2017-01-04,16020.56,16151.87,16156.21,15997.18,5503437,7429037056,0.99%,
2017-01-05,16142.97,16147.23,16190.12,16119.29,4784205,6690446080,0.44%,
2017-01-06,16143.83,16022.45,16143.83,15994.95,4924844,7127454208,0.92%,
2017-01-09,15992.47,16104.65,16106.63,15991.05,4457022,6248610560,0.72%,
2017-01-10,16123.32,16099.45,16197.77,16093.02,5278697,7743636224,0.65%,
2017-01-11,16066.77,15912.75,16070.39,15904.39,4476820,7142485504,1.03%,
2017-01-12,15924.88,15797.10,15964.08,15790.49,4002734,6292404224,1.09%,
2017-01-13,15789.45,15609.14,15827.91,15578.05,4854914,7103450624,1.58%,
2017-01-16,15600.01,15272.36,15604.28,14875.79,6611319,9005908224,4.67%,
2017-01-17,15202.76,15361.45,15364.18,15050.87,4085746,5926401536,2.05%,
2017-01-18,15327.58,15361.24,15423.73,15273.62,3467433,5036823040,0.98%,
2017-01-19,15316.42,15293.54,15397.54,15269.92,3301933,4582515456,0.83%,
2017-01-20,15273.88,15474.26,15502.19,15271.21,3356225,4516986880,1.51%,
2017-01-23,15468.36,15616.11,15630.46,15468.36,3764959,5130461952,1.05%,
2017-01-24,15641.66,15685.43,15704.04,15641.66,3547821,5148024832,0.4%,
2017-01-25,15689.06,15683.86,15705.82,15616.31,3800722,5209462784,0.57%,
2017-01-26,15680.41,15680.95,15744.22,15659.33,3268840,4296355328,0.54%,
2017-02-03,15723.74,15618.49,15723.92,15571.12,2468489,3508357504,0.97%,
2017-02-06,15648.11,15744.42,15745.90,15625.96,4050287,5882750720,0.77%,
2017-02-07,15739.84,15804.25,15805.15,15682.45,4430498,6794669568,0.78%,
2017-02-08,15796.40,15861.75,15865.16,15713.15,4328724,6616510720,0.96%,
2017-02-09,15865.57,15934.87,15950.00,15846.00,4934480,7227082496,0.66%,
2017-02-10,15927.62,15904.09,15996.35,15891.82,4818654,6979873280,0.66%,
2017-02-13,15882.57,16078.10,16081.45,15845.64,5034101,7489699328,1.48%,
2017-02-14,16052.46,16012.46,16075.01,15964.93,4342785,6537989120,0.68%,
2017-02-15,16032.60,15875.95,16061.63,15846.39,6352864,9762727680,1.34%,
2017-02-16,15843.32,15912.47,15921.15,15822.35,4679626,7211958272,0.62%,
2017-02-17,15909.02,15821.13,15948.68,15772.20,4869173,7272079360,1.11%,
2017-02-20,15824.60,16011.74,16013.83,15816.14,5315960,7949543936,1.25%,
2017-02-21,16032.43,16059.63,16062.99,15991.60,5002184,7190645248,0.45%,
2017-02-22,16058.32,16160.85,16161.97,16022.33,6354194,9330126592,0.87%,
2017-02-23,16151.44,16079.49,16155.46,15976.53,5172009,7602443520,1.11%,
2017-02-24,16070.63,16087.65,16097.63,16018.23,4375976,6713298944,0.49%,
2017-02-27,16061.74,15994.76,16086.88,15975.18,4566619,7156061440,0.69%,
2017-02-28,15989.61,15961.53,16026.90,15905.49,3620839,5642649088,0.76%,
2017-03-01,15963.41,16002.85,16043.28,15943.74,4654508,7189517824,0.62%,
2017-03-02,16012.59,15871.64,16033.86,15865.51,4543332,8082618112,1.05%,
2017-03-03,15839.17,15869.12,15883.23,15773.77,3898200,6509685504,0.69%,
2017-03-06,15856.32,15977.44,15979.09,15852.07,4354751,7655825408,0.8%,
2017-03-07,15993.58,16109.30,16110.76,15976.82,6358401,11272072960,0.84%,
2017-03-08,16098.19,16047.04,16099.92,16009.08,5195446,8977306112,0.56%,
2017-03-09,16044.51,15943.09,16049.34,15899.25,4873573,9145074176,0.94%,
2017-03-10,15921.59,15969.84,15997.52,15921.55,4157421,7995384576,0.48%,
2017-03-13,15957.77,16121.35,16121.37,15860.71,4902782,8903586048,1.63%,
2017-03-14,16112.02,16084.18,16157.81,16040.96,4843259,8642948608,0.72%,
2017-03-15,16072.28,16091.24,16098.43,16019.93,5011537,8963540736,0.49%,
2017-03-16,16095.03,16156.30,16209.15,16095.03,6947527,11986287872,0.71%,
2017-03-17,16160.65,16062.03,16196.19,16048.06,5557001,9483055872,0.92%,
2017-03-20,16068.04,16125.07,16132.51,16029.47,4783703,7861083904,0.64%,
2017-03-21,16124.91,16242.37,16243.00,16124.91,5438306,9828572160,0.73%,
2017-03-22,16160.16,16217.46,16227.53,16049.10,5756063,10104111872,1.1%,
2017-03-23,16297.54,16359.10,16447.97,16169.60,7036255,13792488448,1.72%,
2017-03-24,16365.47,16360.26,16398.29,16271.94,5960792,10967998464,0.77%,
2017-03-27,16358.87,16270.62,16403.84,16245.01,5198550,9255470848,0.97%,
2017-03-28,16258.08,16255.20,16274.16,16191.76,4491273,7958803456,0.51%,
2017-03-29,16270.99,16108.90,16280.92,16102.72,4549460,7750753792,1.1%,
2017-03-30,16096.52,15923.32,16108.38,15814.69,5861088,8891115776,1.82%,
2017-03-31,15921.02,15972.60,15972.89,15875.89,4494221,8376950016,0.61%,
2017-04-05,16015.14,16227.52,16228.75,16013.64,6547763,10477932800,1.35%,
2017-04-06,16218.07,16175.62,16218.07,16127.35,4976338,8183594496,0.56%,
2017-04-07,16193.51,16150.43,16193.51,16106.36,4854379,7866861568,0.54%,
2017-04-10,16147.34,16094.66,16148.00,16062.92,5771546,9159918080,0.53%,
2017-04-11,16065.25,16131.16,16137.06,15883.19,6739252,9938120704,1.58%,
2017-04-12,16140.05,16085.94,16171.20,16049.24,6243281,8929568768,0.76%,
2017-04-13,16057.63,16069.20,16114.61,16024.14,4513284,6701915904,0.56%,
2017-04-14,16055.38,15874.39,16056.48,15826.96,4737442,6647836160,1.43%,
2017-04-17,15825.18,15760.59,15863.83,15688.17,4397581,6324031488,1.11%,
2017-04-18,15735.14,15684.56,15856.54,15677.24,4428097,6512088576,1.14%,
2017-04-19,15620.05,15446.18,15634.70,15295.89,5435629,7436451840,2.16%,
2017-04-20,15448.97,15563.13,15663.13,15443.07,5653607,8460204032,1.42%,
2017-04-21,15562.23,15505.16,15571.77,15445.66,3995487,5956891648,0.81%,
2017-04-24,15465.14,15175.44,15472.66,15111.07,3876255,5239043840,2.33%,
2017-04-25,15161.84,15184.45,15271.85,15155.48,3181660,4295258368,0.77%,
2017-04-26,15179.14,15258.52,15328.94,15179.10,3066143,4566320128,0.99%,
2017-04-27,15220.49,15253.62,15269.65,14944.63,4097981,5902641920,2.13%,
2017-04-28,15132.91,15160.94,15196.41,15097.24,4462959,7034074880,0.65%,
2017-05-02,15133.56,15178.24,15189.44,15081.87,3590499,5287666176,0.71%,
2017-05-03,15157.69,15122.87,15183.37,15055.32,3340107,5152029440,0.84%,
2017-05-04,15105.48,15117.24,15210.05,15034.49,2875966,4384844544,1.16%,
2017-05-05,15086.44,14968.48,15096.98,14916.13,3490217,5203065600,1.2%,
2017-05-08,14901.48,14815.42,14935.76,14777.75,3741561,5534800640,1.06%,
2017-05-09,14783.48,14785.67,14813.74,14650.78,3188214,4616702720,1.1%,
2017-05-10,14785.80,14576.61,14882.28,14574.64,3459137,5064438528,2.08%,
2017-05-11,14515.44,14543.37,14553.58,14260.94,4599508,5910872320,2.01%,
2017-05-12,14519.01,14518.97,14580.48,14444.63,2846482,3862058736,0.93%,
2017-05-15,14535.24,14628.78,14663.78,14535.24,3069875,4525465856,0.89%,
2017-05-16,14625.74,14836.29,14836.29,14519.32,3944612,5559132160,2.17%,
2017-05-17,14819.55,14809.70,14889.40,14769.24,3801325,5538493440,0.81%,
2017-05-18,14690.90,14765.24,14846.29,14670.60,3071125,4461416448,1.19%,
2017-05-19,14751.52,14856.75,14883.44,14751.52,3594043,5368629504,0.89%,
2017-05-22,14852.05,14748.48,14980.67,14678.41,4095969,6022170368,2.03%,
2017-05-23,14745.19,14533.75,14783.47,14512.22,4877260,6784067072,1.84%,
2017-05-24,14467.82,14467.19,14467.82,14226.75,4097150,5791884032,1.66%,
2017-05-25,14443.97,14594.92,14608.89,14358.40,4124172,5815839744,1.73%,
2017-05-26,14515.24,14543.42,14592.92,14483.43,4715022,5720937728,0.75%,
2017-05-31,14628.12,14529.50,14695.34,14514.29,3918754,5489586176,1.24%,
2017-06-01,14505.56,14335.93,14505.56,14324.00,3543947,4768383232,1.25%,
2017-06-02,14322.78,14353.75,14383.04,14132.55,3774904,4902958848,1.75%,
2017-06-05,14353.64,14439.78,14440.15,14342.93,3155920,4381372928,0.68%,
2017-06-06,14420.15,14564.96,14566.05,14391.36,3230846,4189517040,1.21%,
2017-06-07,14564.73,14784.47,14852.30,14551.72,5516069,7307019776,2.06%,
2017-06-08,14774.93,15029.80,15035.24,14762.75,6010234,8352590080,1.84%,
2017-06-09,14995.02,15099.46,15106.99,14991.15,5628135,7506522624,0.77%,
2017-06-12,15066.77,15015.44,15176.97,14994.22,5476561,7762973440,1.21%,
2017-06-13,15014.70,15164.28,15167.47,14988.52,5129791,7008784384,1.19%,
2017-06-14,15142.06,15083.13,15161.01,15046.58,5697233,8090349056,0.75%,
2017-06-15,15039.30,15102.45,15130.17,15005.80,5202684,7060253696,0.82%,
2017-06-16,15100.42,15012.77,15112.40,14999.82,3953061,5648981760,0.75%,
2017-06-19,15024.87,15140.42,15142.96,15007.02,3927663,5505760512,0.91%,
2017-06-20,15147.07,15073.60,15172.10,15037.15,4492435,6682118400,0.89%,
2017-06-21,15120.14,15210.94,15210.96,15039.10,4663240,7265152000,1.14%,
2017-06-22,15203.57,15020.14,15232.58,15020.14,5433107,7951461888,1.4%,
2017-06-23,14993.71,15143.22,15143.22,14920.61,5213030,7538533888,1.48%,
2017-06-26,15170.51,15291.29,15302.50,15162.44,5435980,8230530816,0.92%,
2017-06-27,15293.09,15397.55,15398.40,15288.58,4489268,7202961920,0.72%,
2017-06-28,15403.78,15335.94,15419.52,15322.16,5538268,7977823232,0.63%,
2017-06-29,15322.08,15418.59,15431.91,15322.08,4846559,7405852416,0.72%,
2017-06-30,15387.30,15456.37,15471.29,15366.39,4165996,6350038272,0.68%,
2017-07-03,15460.79,15530.31,15530.31,15394.25,4578392,7350850304,0.88%,
2017-07-04,15496.59,15482.32,15525.17,15439.12,4277916,6577953024,0.55%,
2017-07-05,15459.50,15620.93,15622.78,15426.59,4795672,7345388288,1.27%,
2017-07-06,15607.87,15553.90,15623.09,15451.58,5049059,7427184640,1.1%,
2017-07-07,15529.97,15596.81,15611.13,15525.49,5148536,8060070912,0.55%,
2017-07-10,15563.82,15516.25,15569.93,15446.02,5829819,7937194496,0.79%,
2017-07-11,15485.85,15358.94,15520.91,15357.44,6697262,8948009728,1.05%,
2017-07-12,15344.97,15309.69,15370.39,15130.55,5064667,7034558720,1.56%,
2017-07-13,15273.90,15264.80,15299.95,15225.84,4769652,6692183040,0.48%,
2017-07-14,15253.51,15227.80,15258.10,15173.01,4617536,6217232384,0.56%,
2017-07-17,15195.08,14483.07,15195.08,14443.99,6466143,8578712320,4.93%,
2017-07-18,14433.69,14554.34,14561.68,14336.58,4638922,6001748480,1.55%,
2017-07-19,14529.92,14756.60,14758.73,14488.87,5493536,6742645504,1.85%,
2017-07-20,14738.06,14880.50,14933.40,14737.82,6085319,7745926912,1.33%,
2017-07-21,14847.14,14856.26,14884.37,14819.90,5275614,6645718272,0.43%,
2017-07-24,14828.03,14981.62,14989.69,14794.66,6593496,8078003712,1.31%,
2017-07-25,14937.66,14989.14,14999.39,14889.21,5995011,7546121216,0.74%,
2017-07-26,14956.40,14883.54,14996.67,14830.28,5679248,7568363264,1.11%,
2017-07-27,14875.65,15084.16,15090.15,14811.90,6567452,8474724864,1.87%,
2017-07-28,15071.20,15077.67,15169.63,15064.43,5274916,6454580224,0.7%,
2017-07-31,15081.62,15190.35,15190.51,15040.77,6017574,7800981248,0.99%,
2017-08-01,15190.09,15201.90,15272.12,15142.15,6112254,8092070400,0.86%,
2017-08-02,15187.18,15049.76,15189.74,15031.31,5457835,7508028416,1.04%,
2017-08-03,15031.09,15076.81,15131.54,14986.76,4190802,5956398848,0.96%,
2017-08-04,15087.47,14957.21,15107.26,14955.45,4463690,5903105536,1.01%,
2017-08-07,14943.40,15067.22,15068.08,14932.65,3879160,5337334016,0.91%,
2017-08-08,15052.95,15124.41,15124.56,14990.04,4988154,6425443840,0.89%,
2017-08-09,15106.78,15304.15,15322.79,15056.42,7444058,10930208256,1.76%,
2017-08-10,15250.50,15258.06,15323.78,15131.62,6965849,9297060096,1.26%,
2017-08-11,15157.58,15015.31,15210.10,15006.28,6010948,7964401664,1.34%,
2017-08-14,15003.69,15221.15,15221.15,14990.65,4928984,7343922432,1.54%,
2017-08-15,15217.99,15319.96,15320.14,15200.05,4769040,7356784128,0.79%,
2017-08-16,15301.46,15379.39,15394.11,15262.51,5074462,6899181056,0.86%,
2017-08-17,15391.76,15412.88,15426.17,15364.95,4914356,6501934080,0.4%,
2017-08-18,15362.02,15421.62,15453.46,15323.16,5180160,6878225408,0.85%,
2017-08-21,15479.35,15586.95,15587.31,15479.35,4832177,6160559872,0.7%,
2017-08-22,15603.97,15530.07,15613.03,15504.04,4962170,6281472000,0.7%,
2017-08-23,15507.47,15458.43,15538.63,15421.29,3697908,4712004608,0.76%,
2017-08-24,15441.20,15407.94,15501.78,15373.36,4052408,5698932224,0.83%,
2017-08-25,15396.23,15583.74,15596.60,15396.23,3781707,5225410560,1.3%,
2017-08-28,15588.59,15727.52,15763.88,15588.59,5232360,7700608000,1.12%,
2017-08-29,15745.53,15787.23,15826.32,15721.99,4386395,6281467904,0.66%,
2017-08-30,15795.40,15832.10,15846.11,15795.40,4611865,6212609280,0.32%,
2017-08-31,15900.71,15946.17,15949.66,15856.62,5785873,8180633088,0.59%,
2017-09-01,15970.04,15993.12,15993.31,15915.60,6027888,8212412416,0.49%,
2017-09-04,16013.78,16028.18,16029.68,15922.22,5721532,7442322944,0.67%,
2017-09-05,15977.09,16041.94,16060.44,15977.09,4964909,7432441600,0.52%,
2017-09-06,15992.28,16020.59,16032.05,15952.14,6116732,7693043712,0.5%,
2017-09-07,15994.25,15965.01,16046.15,15952.68,6380909,8295449600,0.58%,
2017-09-08,15952.76,15964.28,15990.20,15883.48,4566389,6030858496,0.67%,
2017-09-11,15959.29,16126.49,16127.19,15957.42,5078742,7270907136,1.06%,
2017-09-12,16142.40,16088.58,16142.44,16042.54,5732634,7823019264,0.62%,
2017-09-13,16122.96,16309.03,16309.21,16090.10,6312725,7981553152,1.36%,
2017-09-14,16350.17,16344.39,16395.99,16289.59,5884141,7961494784,0.65%,
2017-09-15,16344.75,16347.83,16396.57,16266.14,6811043,9666028288,0.8%,
2017-09-18,16345.28,16507.60,16509.48,16310.75,6335783,9082060288,1.22%,
2017-09-19,16522.73,16421.39,16522.73,16373.25,5134291,7096214784,0.91%,
2017-09-20,16409.32,16463.80,16465.91,16324.48,5150543,7573300480,0.86%,
2017-09-21,16475.42,16318.04,16475.42,16314.41,4868918,6861388800,0.98%,
2017-09-22,16261.31,16255.80,16279.23,16181.69,4615599,6383700736,0.6%,
2017-09-25,16219.11,16069.40,16240.24,16068.76,4428330,6581626112,1.05%,
2017-09-26,16029.03,15989.33,16056.86,15899.53,3789461,5623200256,0.98%,
2017-09-27,15965.32,16054.78,16076.49,15960.10,3566939,5643138048,0.73%,
2017-09-28,16058.30,16071.91,16162.77,16029.85,4662170,7285660672,0.83%,
2017-09-29,16115.81,16228.07,16238.15,16071.90,4744509,7673614848,1.03%,
2017-10-09,16392.54,16395.19,16420.46,16292.23,5103635,7703956224,0.79%,
2017-10-10,16396.93,16536.95,16537.33,16358.13,5055960,8024169472,1.09%,
2017-10-11,16526.72,16731.17,16753.17,16520.55,6494729,9406814720,1.41%,
2017-10-12,16726.52,16668.25,16726.52,16564.53,5256036,7593558784,0.97%,
2017-10-13,16646.00,16726.08,16742.50,16646.00,6004394,8170580736,0.58%,
2017-10-16,16691.40,16391.79,16697.96,16391.79,5857408,8095910400,1.83%,
2017-10-17,16373.45,16455.84,16524.61,16330.83,4176044,5770478592,1.18%,
2017-10-18,16437.13,16347.61,16488.65,16314.74,4756762,7097038336,1.06%,
2017-10-19,16326.71,16217.35,16351.85,16181.72,5016182,7140317696,1.04%,
2017-10-20,16176.71,16335.29,16335.29,16165.80,4523616,5782691840,1.05%,
2017-10-23,16316.88,16441.81,16442.70,16304.05,4757001,6304615168,0.85%,
2017-10-24,16439.72,16391.31,16459.65,16280.16,3978308,6093201152,1.09%,
2017-10-25,16403.79,16524.98,16525.48,16403.69,3760087,5692856320,0.74%,
2017-10-26,16505.48,16607.98,16693.74,16496.36,5570523,9151670784,1.19%,
2017-10-27,16605.57,16582.21,16611.55,16529.64,4904896,7865146112,0.49%,
2017-10-30,16551.29,16236.09,16570.20,16096.94,5851047,8624055808,2.85%,
2017-10-31,16275.99,16430.73,16435.83,16275.99,4230260,7385771520,0.98%,
2017-11-01,16443.61,16487.07,16545.91,16423.14,5169931,8673577728,0.75%,
2017-11-02,16481.05,16295.27,16481.11,16284.65,4549311,7032572928,1.19%,
2017-11-03,16314.79,16219.89,16369.14,16128.03,4459896,7425180928,1.48%,
2017-11-06,16260.19,16463.86,16464.81,16213.26,4476735,8370876928,1.55%,
2017-11-07,16490.38,16568.84,16571.43,16455.80,4663431,8297473792,0.7%,
2017-11-08,16572.31,16585.49,16663.55,16546.56,4744552,8097835008,0.71%,
2017-11-09,16611.96,16689.62,16689.62,16578.60,4567500,7957803008,0.67%,
2017-11-10,16690.71,16799.91,16803.90,16655.81,5035888,9334301184,0.89%,
2017-11-13,16789.80,16693.32,16793.19,16672.98,4852822,8584630272,0.72%,
2017-11-14,16685.94,16574.44,16691.36,16497.59,5391989,9085137152,1.16%,
2017-11-15,16570.15,16472.63,16618.04,16414.73,4490179,7535931136,1.23%,
2017-11-16,16439.67,16555.59,16606.38,16429.97,4654252,8421496320,1.07%,
2017-11-17,16506.53,16013.57,16506.59,15972.55,7264558,12655907584,3.23%,
2017-11-20,15909.82,15987.43,15990.47,15592.03,5986318,9429444352,2.49%,
2017-11-21,15895.99,16057.89,16087.51,15855.43,5823933,10390543104,1.45%,
2017-11-22,16006.18,15900.71,16039.93,15800.83,5883605,10786055680,1.49%,
2017-11-23,15837.20,15462.16,15837.20,15457.91,5504103,9490625280,2.39%,
2017-11-24,15407.45,15401.73,15487.78,15311.76,4512118,8288029696,1.14%,
2017-11-27,15363.82,15233.44,15376.46,15219.74,3862305,6710259200,1.02%,
2017-11-28,15180.38,15390.18,15390.47,15179.21,2896642,5021525504,1.39%,
2017-11-29,15388.96,15374.16,15393.83,15204.25,3720735,6202338048,1.23%,
2017-11-30,15380.66,15391.90,15502.00,15351.85,3051921,5033161472,0.98%,
2017-12-01,15439.15,15507.47,15538.20,15371.95,2888649,4515731200,1.08%,
2017-12-04,15501.43,15337.75,15501.43,15331.64,3602125,5625789184,1.09%,
2017-12-05,15330.24,15060.56,15394.26,14980.24,4394644,6839096576,2.7%,
2017-12-06,15036.98,15203.68,15204.85,14931.34,3509420,5268202240,1.82%,
2017-12-07,15203.81,15200.15,15269.59,15165.47,3087842,5078410240,0.68%,
2017-12-08,15180.74,15388.09,15424.23,15174.90,2922003,4910040832,1.64%,
2017-12-11,15403.20,15549.14,15550.54,15392.89,3428713,6447142400,1.02%,
2017-12-12,15518.56,15374.69,15535.89,15371.94,3014588,5471510784,1.05%,
2017-12-13,15340.70,15513.27,15513.41,15323.82,2915515,5479926016,1.23%,
2017-12-14,15507.87,15521.58,15525.24,15418.79,2768532,4696298240,0.69%,
2017-12-15,15516.61,15503.88,15548.08,15436.47,3479194,6543817984,0.72%,
2017-12-18,15471.60,15435.76,15550.16,15393.32,3118778,5387426560,1.01%,
2017-12-19,15423.69,15539.03,15539.03,15411.86,2885072,4870714368,0.82%,
2017-12-20,15520.10,15407.18,15528.33,15370.73,3253898,6521006592,1.01%,
2017-12-21,15391.93,15397.57,15437.44,15209.27,3023061,5367658240,1.48%,
2017-12-22,15404.60,15380.69,15455.15,15345.96,2592749,4306539264,0.71%,
2017-12-25,15359.93,15232.78,15373.71,15160.68,3233780,5183015424,1.39%,
2017-12-26,15208.00,15318.16,15322.03,15160.42,3144437,5731994112,1.06%,
2017-12-27,15301.47,15206.64,15314.93,15183.27,3383632,5536804608,0.86%,
2017-12-28,15182.79,15290.11,15324.17,15141.65,3436141,5885871872,1.2%,
2017-12-29,15280.97,15373.73,15376.66,15271.67,3055720,5066083840,0.69%,
2018-01-02,15381.07,15490.42,15492.46,15333.86,3623371,5955020288,1.03%,
2018-01-03,15481.61,15586.07,15586.07,15431.51,4043597,6614894336,1%,
2018-01-04,15582.41,15643.16,15667.20,15547.82,4513847,8085746432,0.77%,
2018-01-05,15599.49,15665.35,15669.62,15599.15,4294335,6309984512,0.45%,
2018-01-08,15605.13,15617.27,15617.34,15511.41,3738704,6295282176,0.68%,
2018-01-09,15588.90,15708.67,15729.82,15583.72,4629269,8048595968,0.94%,
2018-01-10,15682.82,15613.01,15682.82,15481.67,4472027,7583974144,1.28%,
2018-01-11,15568.52,15701.03,15703.05,15495.54,3626865,6019850496,1.33%,
2018-01-12,15689.83,15662.27,15693.54,15611.93,3322285,5844742912,0.52%,
2018-01-15,15617.40,15333.82,15617.40,15304.75,4451887,8229285888,2%,
2018-01-16,15318.81,15519.69,15525.43,15293.82,4304829,8677006592,1.51%,
2018-01-17,15489.03,15559.21,15567.22,15347.27,4729685,8836633344,1.42%,
2018-01-18,15530.11,15552.79,15618.12,15526.74,3903769,7300239104,0.59%,
2018-01-19,15533.65,15528.83,15570.56,15474.65,3843812,6936267520,0.62%,
2018-01-22,15452.35,15624.79,15627.82,15428.18,4428895,7754349568,1.29%,
2018-01-23,15584.60,15635.44,15635.67,15570.87,3718743,6369710848,0.41%,
2018-01-24,15632.33,15652.38,15653.72,15546.42,3873371,6740304640,0.69%,
2018-01-25,15650.37,15582.59,15665.84,15569.56,4354865,7067859968,0.62%,
2018-01-26,15546.63,15547.69,15596.55,15505.82,3279285,5443679488,0.58%,
2018-01-29,15548.08,15320.41,15567.65,15286.74,3815442,6525357568,1.81%,
2018-01-30,15342.68,15325.66,15374.47,15282.58,3329831,5538791168,0.6%,
2018-01-31,15260.22,15086.25,15268.56,15003.13,4809309,6524376832,1.73%,
2018-02-01,14995.51,14405.24,15023.15,14379.23,5442490,7395496960,4.27%,
2018-02-02,14225.30,14304.89,14325.55,13935.72,5133684,5970798848,2.71%,
2018-02-05,14109.97,14213.76,14234.88,14052.01,4072489,6679567360,1.28%,
2018-02-06,13983.11,13526.89,13983.11,13526.89,5651952,9421360128,3.21%,
2018-02-07,13737.22,13558.03,13843.39,13262.41,5272253,7762655744,4.29%,
2018-02-08,13546.97,13746.62,13746.62,13518.57,4649294,5414697984,1.68%,
2018-02-09,13408.62,13339.87,13483.55,13182.34,5158346,7711410432,2.19%,
2018-02-12,13443.70,13748.36,13791.15,13443.70,3373148,4838190848,2.6%,
2018-02-13,13816.75,13755.52,13900.00,13754.36,3871778,5378577920,1.06%,
2018-02-14,13693.72,13773.17,13774.20,13650.83,2460191,4367828224,0.9%,
2018-02-22,13852.38,13984.97,13987.46,13842.89,3122158,5736066304,1.05%,
2018-02-23,13979.11,13981.95,13998.84,13902.93,2556208,4358426624,0.69%,
2018-02-26,14034.11,14239.95,14259.25,14012.92,6005827,6657870848,1.76%,
2018-02-27,14220.26,14202.33,14233.65,14147.09,4955723,6639291904,0.61%,
2018-02-28,14123.50,14163.17,14210.76,14026.15,3973045,6072887296,1.3%,
2018-03-01,14169.27,14413.40,14413.92,14168.83,3650302,5261912576,1.73%,
2018-03-02,14331.61,14384.45,14426.62,14308.98,3594959,6006018048,0.82%,
2018-03-05,14368.79,14429.94,14432.29,14316.26,3145891,5142676736,0.81%,
2018-03-06,14439.72,14609.78,14609.97,14414.89,4137105,7128481280,1.35%,
2018-03-07,14584.71,14567.34,14624.10,14548.66,4449565,7780519424,0.52%,
2018-03-08,14524.70,14744.03,14746.42,14524.70,4861875,8953165056,1.52%,
2018-03-09,14723.58,14907.13,14907.92,14718.17,5082854,8290469120,1.29%,
2018-03-12,14933.45,15075.76,15076.43,14933.45,4894016,9187250432,0.96%,
2018-03-13,15067.55,15005.69,15117.11,14999.37,4809924,7807507200,0.78%,
2018-03-14,14967.44,14907.69,15015.68,14896.71,3413618,5668574976,0.79%,
2018-03-15,14847.53,14863.93,14925.84,14757.39,4072961,7033556992,1.13%,
2018-03-16,14869.92,14854.42,14941.99,14846.51,4000760,5965111296,0.64%,
2018-03-19,14851.33,14966.51,14990.05,14812.70,4045816,6257335040,1.19%,
2018-03-20,14884.06,15036.58,15058.72,14828.82,4300310,5769025536,1.54%,
2018-03-21,15035.62,14942.23,15140.20,14911.93,4457227,6545021952,1.52%,
2018-03-22,14926.61,14886.51,14974.77,14786.78,4910688,7966189312,1.26%,
2018-03-23,14516.46,14396.44,14805.41,14194.46,7753755,10367135744,4.1%,
2018-03-26,14263.98,14592.51,14595.76,14031.79,6243506,10278899456,3.92%,
2018-03-27,14664.59,14884.89,14885.15,14664.59,5524493,9078916352,1.51%,
2018-03-28,14778.19,14675.04,14847.97,14668.23,4384596,7196907520,1.21%,
2018-03-29,14722.04,14877.07,14902.19,14722.04,4514939,7938292992,1.23%,
2018-03-30,14918.29,15022.35,15034.39,14906.80,3679132,6366189824,0.86%,
2018-04-02,15092.59,15094.19,15163.73,15066.90,4100336,6704975616,0.64%,
2018-04-03,14946.16,15031.00,15059.79,14881.39,3778187,6525086208,1.18%,
2018-04-04,15088.37,15231.38,15296.87,15088.37,4538058,9089921280,1.39%,
2018-04-09,15215.39,15232.62,15252.10,15039.37,4592474,8734486272,1.4%,
2018-04-10,15248.68,15280.61,15285.71,15155.54,4036500,7598995712,0.85%,
2018-04-11,15285.20,15436.56,15446.00,15285.20,3961660,7273589504,1.05%,
2018-04-12,15400.46,15383.47,15473.12,15364.42,3361925,6111632896,0.7%,
2018-04-13,15431.48,15359.30,15470.81,15311.01,2932670,5371815168,1.04%,
2018-04-16,15318.45,15186.34,15342.47,15105.60,3721840,6795603968,1.54%,
2018-04-17,15191.29,14997.04,15247.45,14963.52,4266677,7353811456,1.87%,
2018-04-18,15030.96,15099.83,15100.73,14784.41,4182700,7156899072,2.11%,
2018-04-19,15045.77,15133.48,15199.19,14995.91,3739492,6884843776,1.35%,
2018-04-20,15091.35,14829.25,15110.66,14804.30,4046722,6815835648,2.02%,
2018-04-23,14748.05,14650.56,14829.57,14539.09,3398297,5930622208,1.96%,
2018-04-24,14634.25,14932.54,14932.84,14634.25,4026870,7762108416,2.04%,
2018-04-25,14904.67,14979.82,14983.24,14889.27,3601430,6412581632,0.63%,
2018-04-26,14935.15,14656.12,14935.15,14651.61,3779114,6365349376,1.89%,0.81
2018-04-27,14618.33,14506.81,14654.52,14435.31,5814588,10904061696,1.5%,1.24
2018-05-02,14508.77,14553.29,14576.00,14424.30,5088633,9122633728,1.05%,1.09
2018-05-03,14497.84,14626.84,14627.49,14309.48,4309495,7397457920,2.19%,0.92
2018-05-04,14569.90,14637.97,14694.44,14546.29,3463333,5911724288,1.01%,0.73
2018-05-07,14630.56,14934.86,14936.74,14630.56,4935058,9232565760,2.09%,1.05
2018-05-08,14934.98,15124.71,15142.16,14922.90,4934560,8829621248,1.47%,1.05
2018-05-09,15097.98,15105.98,15121.97,15040.41,4240465,7188368128,0.54%,0.9
2018-05-10,15138.66,15363.56,15367.13,15119.86,4641172,7546975232,1.64%,0.98
2018-05-11,15365.31,15225.58,15393.58,15214.71,4583209,8123594240,1.16%,0.97
2018-05-14,15175.89,15215.51,15258.51,15153.05,5123366,9776560640,0.69%,1.09
2018-05-15,15203.43,15632.53,15634.99,15201.20,6090344,10635060736,2.85%,1.29
2018-05-16,15562.15,16016.80,16158.01,15542.36,9484140,14591665920,3.94%,2.01
2018-05-17,15958.55,15887.41,16049.50,15829.79,7261172,12518182912,1.37%,1.54
2018-05-18,15877.51,15993.58,16006.40,15746.74,6705851,11143987712,1.63%,1.42
2018-05-21,16011.98,16153.83,16165.48,15968.19,6144223,10604897280,1.23%,1.3
2018-05-22,16128.16,16348.15,16377.03,16082.91,6484484,11934266624,1.82%,1.38
2018-05-23,16275.86,16206.58,16477.28,16199.67,6620051,12541392640,1.7%,1.4
2018-05-24,16248.69,16219.27,16311.77,16197.79,5575050,10577897216,0.7%,1.18
2018-05-25,16207.92,16164.32,16274.46,16115.67,5529631,9634292736,0.98%,1.17
2018-05-28,16071.91,16176.47,16253.34,15915.51,6410550,11512906752,2.09%,1.36
2018-05-29,16090.25,16014.38,16314.86,16011.38,6929173,13332787712,1.88%,1.46
2018-05-30,15732.59,15622.12,15917.46,15584.78,7244590,13570155008,2.08%,1.53
2018-05-31,15748.11,16365.50,16396.86,15748.11,11123724,20649883392,4.15%,2.35
2018-06-01,16289.42,16084.17,16410.20,15908.52,9655538,14837088256,3.07%,2.04
2018-06-04,16075.29,16057.55,16113.64,15928.94,7198854,11952434944,1.15%,1.52
2018-06-05,16045.18,16332.83,16334.41,16032.47,6924863,11362550784,1.88%,1.46
2018-06-06,16276.04,16336.43,16336.43,16229.00,5615460,9479165952,0.66%,1.18
2018-06-07,16362.48,16106.18,16379.14,16089.95,5775016,9721126400,1.77%,1.22
2018-06-08,16054.84,15898.05,16054.84,15769.46,5467094,9116527872,1.77%,1.15
2018-06-11,15863.05,15642.65,15874.55,15567.70,5033271,8895340288,1.93%,1.06
2018-06-12,15727.97,16027.44,16032.96,15593.76,6384379,11311954688,2.81%,1.34
2018-06-13,16013.21,15752.37,16027.89,15742.22,5326449,8912462848,1.78%,1.12
2018-06-14,15720.30,15580.59,15846.80,15567.28,5056710,8396175872,1.77%,1.06
2018-06-15,15560.39,15077.44,15601.52,15011.22,5588664,8524888832,3.79%,1.17
2018-06-19,14868.96,14098.89,14868.96,13910.74,7660584,10814028800,6.36%,1.61
2018-06-20,13971.06,14335.52,14409.00,13971.06,6095298,8990235392,3.11%,1.28
2018-06-21,14300.80,14031.76,14491.82,14021.63,5529337,8198076672,3.28%,1.16
2018-06-22,13898.14,14188.33,14226.19,13782.99,4300680,6039849728,3.16%,0.9
2018-06-25,14277.82,14198.44,14369.17,14183.78,4552623,7162034432,1.31%,0.95
2018-06-26,14006.58,14303.38,14304.09,13938.34,4191011,6258062848,2.58%,0.88
2018-06-27,14265.37,14113.71,14359.20,14060.13,4745527,7653498112,2.09%,0.99
2018-06-28,14029.43,13882.27,14152.56,13862.71,4737596,6431630848,2.05%,0.99
2018-06-29,13873.25,14225.57,14232.08,13821.02,4877787,6574466816,2.96%,1.02
2018-07-02,14201.75,14031.04,14293.92,13932.44,4534807,6505832960,2.54%,0.95
2018-07-03,14038.20,14099.85,14109.56,13679.28,4811159,7691406848,3.07%,1
2018-07-04,14048.54,13958.27,14064.07,13887.82,4056378,5830112512,1.25%,0.85
2018-07-05,13879.99,13430.10,13963.81,13428.51,4505733,5888067584,3.84%,0.94
2018-07-06,13406.82,13467.10,13590.23,13040.88,5131571,7186799104,4.09%,1.07
2018-07-09,13452.02,13773.17,13775.65,13452.02,4098339,6306353664,2.4%,0.85
2018-07-10,13770.64,13891.06,13891.49,13719.95,3775350,5335000320,1.25%,0.79
2018-07-11,13679.30,13537.51,13679.30,13351.70,4190276,5381378816,2.36%,0.87
2018-07-12,13488.41,13931.54,13963.85,13488.41,5269868,8472477440,3.51%,1.1
2018-07-13,13932.76,14169.64,14250.07,13905.22,5626304,8412647680,2.48%,1.17
2018-07-16,14118.58,14165.99,14191.27,14041.22,4378062,6246586624,1.06%,0.91
2018-07-17,14144.40,14190.17,14190.72,14007.22,4617592,5939883520,1.3%,0.96
2018-07-18,14154.47,14193.63,14381.67,14154.47,5102480,6810821888,1.6%,1.06
2018-07-19,14162.87,13974.21,14210.80,13932.10,4311468,6225519616,1.96%,0.9
2018-07-20,13969.02,14051.77,14088.95,13878.89,3979681,5762807040,1.5%,0.83
2018-07-23,14017.28,14013.77,14052.91,13888.73,4845083,6828883712,1.17%,1.01
2018-07-24,13998.35,14279.46,14280.97,13958.06,5882760,8202659328,2.3%,1.22
2018-07-25,14277.67,14276.64,14291.79,14218.89,4935078,6504590848,0.51%,1.02
2018-07-26,14252.34,14289.47,14333.81,14233.05,5238789,5851162880,0.71%,1.09
2018-07-27,14291.24,14390.41,14456.02,14200.34,6374504,6690043136,1.79%,1.32
2018-07-30,14354.96,14087.57,14364.30,14019.43,6221945,7373014016,2.4%,1.29
2018-07-31,14042.81,14145.27,14155.25,14042.18,5556931,7769784064,0.8%,1.16
2018-08-01,14164.25,13890.48,14204.56,13889.72,5629923,7678209536,2.23%,1.18
2018-08-02,13861.96,13519.08,13861.96,13209.22,6525107,9292920832,4.7%,1.36
2018-08-03,13474.98,13364.94,13560.13,13338.06,4713100,6564703232,1.64%,0.99
2018-08-06,13294.70,12983.96,13344.21,12919.97,5360663,8298630912,3.17%,1.12
2018-08-07,12970.68,13259.67,13259.67,12869.93,4642283,6814122240,3%,0.97
2018-08-08,13214.55,13046.92,13214.55,13006.81,4770071,6347158784,1.57%,1
2018-08-09,12999.64,13323.02,13376.64,12953.62,5541064,7355146240,3.24%,1.16
2018-08-10,13281.61,13397.82,13417.00,13277.20,4399259,6738475008,1.05%,0.92
2018-08-13,13238.51,13366.54,13371.16,13126.80,3825882,5368718848,1.82%,0.8
2018-08-14,13333.32,13421.06,13464.82,13327.96,3704134,4815677184,1.02%,0.77
2018-08-15,13391.13,13103.67,13405.77,13100.86,4329487,5645133824,2.27%,0.9
2018-08-16,12961.93,12954.09,13133.45,12798.21,4850339,6135796736,2.56%,1.01
2018-08-17,13015.65,12622.60,13067.01,12609.19,4430382,5763018496,3.53%,0.92
2018-08-20,12585.53,12584.63,12627.58,12342.27,4276149,5687740672,2.26%,0.89
2018-08-21,12574.48,12839.98,12849.40,12559.45,4347361,6282020864,2.3%,0.9
2018-08-22,12798.29,12718.33,12825.39,12687.29,3849855,5021488384,1.08%,0.8
2018-08-23,12704.55,12780.82,12822.89,12665.93,3417464,4843959552,1.23%,0.71
2018-08-24,12754.94,12785.02,12849.33,12714.79,3410661,4147198688,1.05%,0.71
2018-08-27,12800.22,13025.92,13035.75,12799.00,4047815,5807864576,1.85%,0.84
2018-08-28,13047.19,13084.73,13086.49,13009.95,3422822,4628892928,0.59%,0.71
2018-08-29,13052.88,12998.07,13055.93,12953.52,2975398,3885309280,0.78%,0.62
2018-08-30,12983.19,12852.61,13015.52,12850.53,3177560,4290858112,1.27%,0.66
2018-08-31,12809.71,12679.42,12809.71,12642.74,4587840,7732574208,1.3%,0.95
2018-09-03,12670.80,12717.27,12727.52,12528.55,3542792,5230445312,1.57%,0.74
2018-09-04,12723.49,12862.29,12879.71,12693.40,3454291,4621623808,1.47%,0.72
2018-09-05,12841.54,12699.94,12850.56,12690.59,3288725,4545344768,1.24%,0.68
2018-09-06,12661.81,12568.15,12740.85,12536.32,3640014,5562161152,1.61%,0.76
2018-09-07,12586.49,12625.53,12764.52,12536.72,3513944,5030378240,1.81%,0.73
2018-09-10,12634.49,12451.08,12650.92,12446.85,3405022,4478134528,1.62%,0.71
2018-09-11,12425.46,12456.89,12527.61,12373.78,2867313,3901674000,1.24%,0.6
2018-09-12,12461.40,12428.56,12501.33,12394.45,2610087,3598621520,0.86%,0.54
2018-09-13,12504.30,12469.44,12557.80,12311.06,2711889,3757333328,1.99%,0.56
2018-09-14,12475.14,12434.77,12516.40,12370.93,2855538,3954901696,1.17%,0.59
2018-09-17,12428.80,12316.31,12457.02,12316.31,3080860,3955097296,1.13%,0.64
2018-09-18,12262.62,12462.91,12466.06,12250.15,2991417,4041650352,1.75%,0.62
2018-09-19,12428.91,12622.19,12689.63,12405.35,3614797,5210349312,2.28%,0.75
2018-09-20,12613.58,12595.09,12646.78,12566.21,2885763,3929593712,0.64%,0.6
2018-09-21,12700.39,12865.23,12877.25,12687.34,4906232,6661021952,1.51%,1.02
2018-09-25,12780.41,12775.91,12819.51,12740.76,3208662,4218726912,0.61%,0.67
2018-09-26,12776.90,12951.16,13032.65,12776.90,4979144,7467549952,2%,1.04
2018-09-27,12948.87,12783.44,12958.88,12776.43,3727755,5035991808,1.41%,0.78
2018-09-28,12789.55,12880.27,12880.27,12759.87,3314461,4990327296,0.94%,0.69
2018-10-08,12722.99,12490.49,12751.05,12456.74,4018898,5763764736,2.28%,0.84
2018-10-09,12522.63,12558.61,12647.90,12495.48,3503812,4956195584,1.22%,0.73
2018-10-10,12567.34,12534.15,12583.24,12431.95,2965616,4605166848,1.2%,0.62
2018-10-11,12175.53,11692.44,12201.40,11599.94,5359435,6699533056,4.8%,1.12
2018-10-12,11618.30,11647.64,11675.45,11213.02,4324764,5568988672,3.95%,0.9
2018-10-15,11675.20,11458.44,11737.52,11438.35,3628101,5163793920,2.57%,0.75
2018-10-16,11452.44,11279.85,11529.28,11218.85,3244181,4372575232,2.71%,0.68
2018-10-17,11404.30,11292.71,11458.51,11047.30,3814334,5161857536,3.65%,0.79
2018-10-18,11229.75,10978.88,11229.75,10954.34,3352909,4229118320,2.44%,0.7
2018-10-19,10812.05,11204.34,11206.93,10761.31,4212015,5108902400,4.06%,0.88
2018-10-22,11319.61,11747.23,11864.57,11319.61,6515250,8760982272,4.86%,1.36
2018-10-23,11754.80,11555.02,11766.09,11460.37,5175830,6762689536,2.6%,1.08
2018-10-24,11515.43,11546.98,11636.05,11428.66,4835115,7118521600,1.79%,1.5
2018-10-25,11202.16,11390.94,11399.06,11125.35,4945943,6039759872,2.37%,1.03
2018-10-26,11402.22,11305.25,11451.53,11263.41,4960763,5973353216,1.65%,1.03
2018-10-29,11215.26,11023.73,11216.12,10970.01,5141100,6361131264,2.18%,1.07
2018-10-30,10992.68,11232.11,11271.86,10934.49,5409304,6631570688,3.06%,1.13
2018-10-31,11266.43,11428.93,11468.79,11260.66,5341730,5976525824,1.85%,1.11
2018-11-01,11451.28,11436.30,11610.01,11433.19,5143366,6325390336,1.55%,1.07
2018-11-02,11595.62,11778.49,11778.55,11583.35,6237652,8392668160,1.71%,1.3
2018-11-05,11770.17,11845.67,11903.15,11689.48,5570402,6218428928,1.81%,1.16
2018-11-06,11797.01,11832.34,11832.99,11653.87,4279236,4640412160,1.51%,0.89
2018-11-07,11821.64,11838.66,11945.41,11799.61,4435303,5449949440,1.23%,0.92
2018-11-08,11912.81,11901.60,12013.39,11882.81,5019347,4983633664,1.1%,1.04
2018-11-09,11866.60,11860.31,11939.57,11807.76,4539188,3989464720,1.11%,0.94
2018-11-12,11837.49,12157.40,12157.40,11837.08,5239434,4823706112,2.7%,1.09
2018-11-13,12069.49,12415.39,12482.28,12039.39,8325022,7291980032,3.64%,1.73
2018-11-14,12413.58,12345.52,12513.58,12324.77,6671922,5490928640,1.52%,1.39
2018-11-15,12324.35,12541.59,12541.59,12323.01,5621394,4939118080,1.77%,1.17
2018-11-16,12575.12,12657.99,12714.26,12523.93,6286391,6106890240,1.52%,1.31
2018-11-19,12619.39,12698.98,12699.30,12547.39,5838139,5472119552,1.2%,1.21
2018-11-20,12607.19,12363.40,12619.36,12356.87,5393550,4884128512,2.07%,1.12
2018-11-21,12254.47,12484.22,12488.57,12204.06,4855114,4642016768,2.3%,1.01
2018-11-22,12492.46,12502.35,12532.76,12417.72,4208860,3862964176,0.92%,0.88
2018-11-23,12491.82,11981.86,12491.82,11974.79,4680524,4235720224,4.14%,0.97
2018-11-26,11957.88,11941.11,12064.81,11903.93,3207877,3117972896,1.34%,0.67
2018-11-27,12005.35,11998.58,12050.32,11924.49,2858942,2850053904,1.05%,0.59
2018-11-28,12029.07,12128.73,12128.73,11860.17,3449730,3392778912,2.24%,0.72
2018-11-29,12171.59,11937.80,12209.94,11929.00,3666458,3508733872,2.32%,0.76
2018-11-30,11904.51,11996.44,12005.01,11781.81,3414753,3461458272,1.87%,0.71
2018-12-03,12211.18,12378.69,12406.21,12195.56,5603433,6381337088,1.76%,1.17
2018-12-04,12372.27,12490.56,12492.71,12357.74,5505436,5307523072,1.09%,1.15
2018-12-05,12273.00,12421.12,12472.55,12223.21,4801641,4830352896,2%,1
2018-12-06,12385.75,12229.19,12427.04,12227.82,4687617,5277070592,1.6%,0.98
2018-12-07,12254.89,12264.76,12280.42,12184.47,3817339,3813002256,0.78%,0.79
2018-12-10,12177.98,12140.31,12200.71,12094.40,3721108,3712275920,0.87%,0.77
2018-12-11,12172.86,12243.37,12243.37,12144.01,3522864,3452686416,0.82%,0.73
2018-12-12,12242.76,12254.76,12289.24,12212.78,2945469,3237608224,0.62%,0.61
2018-12-13,12266.00,12407.85,12454.68,12210.58,3994930,4856833536,1.99%,0.83
2018-12-14,12386.08,12173.60,12387.10,12154.06,3700019,4104605536,1.88%,0.77
2018-12-17,12120.80,12148.15,12157.26,11992.36,3569720,4122477824,1.35%,0.74
